ref,codigo,descripcion,valor,tipo
1933210,905702,"ACETAMINOFEN, SEMICUANTITATIVA POR INMUNOENSAYO",12480,diagnostico
1935024,903103,ACIDO 5 HIDROXI INDOLACÉTICO EN ORINA DE 24 H,10250,diagnostico
1934610,903103,ACIDO 5 HIDROXI INDOLACÉTICO EN ORINA DE 24 H,10250,diagnostico
1934620,903104,ACIDO DELTA AMINOLEVULÍNICO [ALA] EN ORINA DE 24 H,18505,diagnostico
1932040,903105,ACIDO FÓLICO [FOLATOS] EN SUERO,23185,diagnostico
1932050,903106,ACIDO FÓLICO EN ERITROCITOS,68385,diagnostico
1934628,903110,ACIDO LÁCTICO [L-LACTATO] POR FLUOROMETRÍA,32680,diagnostico
1932080,903110,ACIDO LÁCTICO [L-LACTATO] POR FLUOROMETRÍA,32680,diagnostico
1932070,903111,ACIDO LÁCTICO [L-LACTATO] POR MÉTODO ENZIMÁTICO,18875,diagnostico
1932087,E19014,ACIDO SUCCÍNICO,7710,diagnostico
1932088,E19014,ACIDO SUCCÍNICO,7710,diagnostico
1912090,903801,ACIDO ÚRICO,3315,diagnostico
1914630,903802,ACIDO ÚRICO EN ORINA DE 24 H,3345,diagnostico
1933230,905201,ACIDO VALPROICO,22105,diagnostico
1933240,905202,ACIDO VALPROICO LIBRE,19100,diagnostico
1934640,903113,ACIDO VANILMANDÉLICO [VMA] EN ORINA DE 24 H,13240,diagnostico
1932093,901201,"Actinomyces, CULTIVO HONGOS",30720,diagnostico
1936710,901201,"Actinomyces, CULTIVO HONGOS",30720,diagnostico
1935010,906101,"Actynomices, ANTICUERPOS",30720,diagnostico
1935027,906901,AGLUTININAS AL FRIO,4635,diagnostico
1925630,906901,AGLUTININAS AL FRIO,4635,diagnostico
1931020,902002,"AGREGACIÓN PLAQUETARIA, CADA AGENTE",7810,diagnostico
1922110,903803,ALBÚMINA,2980,diagnostico
1924650,903804,ALBÚMINA EN ORINA DE 24 H,3005,diagnostico
1933436,905704,"ALCALOIDES, SEMICUANTITATIVO POR CROMATOGRAFÍA DE CAPA FINA",14425,diagnostico
1933250,905706,ALCOHOL ETÍLICO EN CUALQUIER MUESTRA POR INMUNOENSAYO,12260,diagnostico
1933260,905707,ALCOHOL METÍLICO - FORMALDEHIDO EN CUALQUIER MUESTRA POR COLORIMETRÍA,12260,diagnostico
1932120,903402,ALDOLASA,6885,diagnostico
1932130,904801,ALDOSTERONA,27440,diagnostico
1932130,904802,ALDOSTERONA EN ORINA,27440,diagnostico
1932150,903405,ALFA 1 ANTITRIPSINA POR IDR,8155,diagnostico
1932160,903405,ALFA 1 ANTITRIPSINA POR IDR,8155,diagnostico
1932170,903406,ALFA 1 ANTITRIPSINA POR NEFELOMETRÍA,32680,diagnostico
1932175,903407,ALFA 1 GLICOPROTEÍNA ÁCIDA U OROMUCOIDE,24645,diagnostico
1932180,903001,ALFA 2 MACROGLOBULINA,7320,diagnostico
1932190,903002,ALFA FETOPROTEÍNA [AFP] EN LÍQUIDO AMNIÓTICO,31585,diagnostico
1934510,906602,ALFA FETOPROTEÍNA [AFP] SERICA,42605,diagnostico
1933270,905403,"AMIKACINA, SEMICUANTITATIVA POR INMUNOENSAYO",7810,diagnostico
1922210,903805,AMILASA,6195,diagnostico
1924660,903806,AMILASA EN ORINA DE 24 H,5945,diagnostico
1932396,908103,AMINOACIDOS POR CLORURO FÉRRICO,5440,diagnostico
1933548,908101,"AMINOACIDOS, CUALITATIVOS POR CROMATOGRAFÍA EN ORINA",19670,diagnostico
1932220,908101,"AMINOACIDOS, CUALITATIVOS POR CROMATOGRAFÍA EN ORINA",19670,diagnostico
1932220,908102,"AMINOACIDOS, CUALITATIVOS POR CROMATOGRAFÍA EN SANGRE",19670,diagnostico
1932230,903602,AMONIO,9230,diagnostico
1926725,A32402,ANALISIS BACTERIOLOGICO (MICROBIOLOGICO) DEL AGUA PARA CONSUMO HUMANO,15625,diagnostico
1922096,A32401,ANALISIS FISICO-QUIMICO (ORGANOLEPTICO) DEL AGUA PARA CONSUMO HUMANO,10120,diagnostico
1933720,904502,ANDROSTERONA EN ORINA,30355,diagnostico
1933290,905302,"ANFETAMINAS Y METANFETAMINAS, SEMICUANTITATIVA POR INMUNOENSAYO",18830,diagnostico
1933730,901001,ANTIBIOGRAMA (DISCO),9995,diagnostico
1926740,901001,ANTIBIOGRAMA (DISCO),9995,diagnostico
1936725,901002,ANTIBIOGRAMA (MIC) MÉTODO AUTOMÁTICO,16410,diagnostico
1936725,901003,ANTIBIOGRAMA (MIC) MÉTODO MANUAL,16410,diagnostico
1931030,902004,ANTICOAGULANTE CIRCULANTE [LÚPICO],18665,diagnostico
1935079,902005,"ANTICOAGULANTE LÚPICO, PRUEBA CONFIRMATORIA CON VENENO DE VIBORA DE RUSSEL",66260,diagnostico
1915280,906903,ANTICUERPOS HETERÓFILOS [ESPECÍFICOS Y TOTALES],5865,diagnostico
1935615,911004,"ANTICUERPOS IRREGULARES, DETECCIÓN [RASTREO O RAI] EN TUBO",33130,diagnostico
1935615,911005,"ANTICUERPOS IRREGULARES, IDENTIFICACIÓN [D, KELL, DUFFY, KIDD Y OTROS] POR MICROTÉCNICA",33130,diagnostico
1935330,906406,ANTICUERPOS NUCLEARES EXTRACTABLES TOTALES [ENA] SS-A [Ro] SS-B [La] RNP Y Sm,56330,diagnostico
1933300,905304,"ANTIDEPRESIVOS TRICÍCLICOS, SEMICUANTITATIVO POR INMUNOENSAYO O CROMATOGRAFÍA DE CAPA FINA",28245,diagnostico
1935300,906001,ANTIESTREPTOLISINA “O” CUANTITATIVA POR NEFELOMETRÍA,29625,diagnostico
1915310,906002,ANTIESTREPTOLISINA “O” CUANTITATIVA POR TITULACIÓN,5890,diagnostico
1934520,906603,ANTÍGENO CARCINOEMBRIONARIO [ACE-CEA],27215,diagnostico
1934540,906604,ANTÍGENO DE CÁNCER DE MAMA [CA 15-3],42605,diagnostico
1934530,906605,ANTÍGENO DE CÁNCER DE OVARIO [CA 125],42605,diagnostico
1934550,906606,ANTÍGENO DE CÁNCER DE TUBO DIGESTIVO [CA 19-9],42605,diagnostico
1934560,906610,ANTÍGENO ESPECÍFICO DE PROSTATA [PSA],42605,diagnostico
1934563,906611,"ANTÍGENO ESPECÍFICO DE PROSTATA, FRACCIÓN LIBRE",42605,diagnostico
1934565,906612,"ANTÍGENO ESPECÍFICO DE PROSTATA, VELOCIDAD DE CAMBIO, 2 MUESTRAS",71940,diagnostico
1934568,906613,ANTÍGENO POLIPÉPTIDO DE TEJIDO O ANTÍGENO DE PROLIFERACION CELULAR [TPA- TPS] POR EIA,58855,diagnostico
1935320,906304,ANTÍGENOS FEBRILES [VIDAL O WEIL FELIX],16050,diagnostico
1916500,906304,ANTÍGENOS FEBRILES [VIDAL O WEIL FELIX],16050,diagnostico
1931040,902006,ANTITROMBINA III POR COAGULACIÓN,44500,diagnostico
1931050,902007,ANTITROMBINA III POR CROMÓGENOS,44500,diagnostico
1921060,902008,ANTITROMBINA III POR IDR,16095,diagnostico
1931070,902009,ANTITROMBINA III POR NEFELOMETRÍA,32680,diagnostico
1932240,903411,APOLIPOPROTEÍNAS A1 POR NEFELOMETRÍA,17145,diagnostico
1932250,903412,APOLIPOPROTEÍNAS B POR NEFELOMETRÍA,17580,diagnostico
1932255,905709,ARSÉNICO EN ORINA O SANGRE POR ABSORCIÓN ATÓMICA,10760,diagnostico
1933310,905709,ARSÉNICO EN ORINA O SANGRE POR ABSORCIÓN ATÓMICA,10760,diagnostico
1935350,906102,"Aspergillus, ANTICUERPOS POR LÁTEX",45585,diagnostico
1933436,905711,"ATROPÍNICOS, SEMICUANTITATIVO POR CROMATOGRAFÍA DE CAPA FINA",14425,diagnostico
1932263,907001,AZUCARES REDUCTORES EN HECES,3415,diagnostico
1917310,907001,AZUCARES REDUCTORES EN HECES,3415,diagnostico
1932265,905204,"BARBITÚRICOS, SEMICUANTITATIVO POR INMUNOENSAYO",11620,diagnostico
1933320,905204,"BARBITÚRICOS, SEMICUANTITATIVO POR INMUNOENSAYO",11620,diagnostico
1933457,905306,"BENZODIACEPINAS, SEMICUANTITATIVA POR CROMATOGRAFÍA DE CAPA DELGADA E INMUNOENSAYO",21150,diagnostico
1932270,906620,BETA 2 MICROGLOBULINA EN CUALQUIER MUESTRA,28395,diagnostico
1926750,903809,BILIRRUBINAS TOTAL Y DIRECTA,5025,diagnostico
1912280,903809,BILIRRUBINAS TOTAL Y DIRECTA,5025,diagnostico
1933576,905713,"BIPIRIDILO, SEMICUANTITATIVA POR COLORIMETRIA",12920,diagnostico
1935360,906103,"Blastomyces, ANTICUERPOS",45585,diagnostico
1935365,906306,"Bordetella pertusis, ANTÍGENO",32695,diagnostico
1936760,901202,"Bordetella pertusis, CULTIVO",30720,diagnostico
1925380,901203,"Brucella, CULTIVO",30720,diagnostico
1936770,901203,"Brucella, CULTIVO",30720,diagnostico
1925378,905715,"CAFEÍNA, SEMICUANTITATIVA POR INMUNOENSAYO Y CROMATOGRAFÍA DE CAPA FINA",13030,diagnostico
1933338,905715,"CAFEÍNA, SEMICUANTITATIVA POR INMUNOENSAYO Y CROMATOGRAFÍA DE CAPA FINA",13030,diagnostico
1932300,903603,CALCIO ABSORCIÓN ATÓMICA,20835,diagnostico
1924670,903811,CALCIO EN ORINA DE 24 H POR COLORIMETRÍA,3310,diagnostico
1932305,903604,CALCIO IONICO,32695,diagnostico
1922290,903810,CALCIO POR COLORIMETRÍA,3450,diagnostico
1933740,906621,CALCITONINA,33570,diagnostico
1932310,903004,"CÁLCULO BILIAR, ANÁLISIS FÍSICO-QUÍMICO CUANTITATIVO",7645,diagnostico
1932310,903005,"CÁLCULO RENAL, ANÁLISIS FÍSICO-QUÍMICO CUANTITATIVO",7645,diagnostico
1936775,906802,CAMPO OSCURO PARA CUALQUIER MUESTRA,12540,diagnostico
1935385,905717,"CANNABINOIDES, SEMICUANTITATIVA POR CROMATOGRAFÍA DE CAPA FINA O INMUNOENSAYO",14425,diagnostico
1933436,905717,"CANNABINOIDES, SEMICUANTITATIVA POR CROMATOGRAFÍA DE CAPA FINA O INMUNOENSAYO",14425,diagnostico
1933345,905207,"CARBAMAZEPINA, SEMICUANTITATIVA POR INMUNOENSAYO O CROMATOGRAFÍA DE CAPA FINA",20505,diagnostico
1933350,905207,"CARBAMAZEPINA, SEMICUANTITATIVA POR INMUNOENSAYO O CROMATOGRAFÍA DE CAPA FINA",20505,diagnostico
1932335,906408,"CARDIOLIPINA, ANTICUERPOS Ig G POR EIA",32225,diagnostico
1935420,906408,"CARDIOLIPINA, ANTICUERPOS Ig G POR EIA",32225,diagnostico
1935430,906409,"CARDIOLIPINA, ANTICUERPOS Ig M ó Ig A POR EIA",32285,diagnostico
1932340,903006,CAROTENOS,8290,diagnostico
1934690,903007,CATECOLAMINAS FRACCIONADAS O DIFERENCIADAS [ADRENALINA O EPINEFRINA Y NORADRENALINA O NOREPINEFRINA] EN ORINA DE 24 H,45585,diagnostico
1934690,903008,CATECOLAMINAS FRACCIONADAS O DIFERENCIADAS [ADRENALINA O EPINEFRINA Y NORADRENALINA O NOREPINEFRINA] EN PLASMA,45585,diagnostico
1921080,902101,CÉLULAS L.E.,5575,diagnostico
1935040,906413,"CENTRÓMERO, ANTICUERPOS POR IFI",36230,diagnostico
1932350,903416,CERULOPLASMINA POR IDR,12060,diagnostico
1932360,903417,CERULOPLASMINA POR NEFELOMETRÍA,32680,diagnostico
1933760,904804,CETOESTEROIDES 17,11945,diagnostico
1935450,906018,"Chlamydia trachomatis, ANTICUERPOS Ig A",37995,diagnostico
1935450,906019,"Chlamydia trachomatis, ANTICUERPOS Ig G",37995,diagnostico
1935450,906020,"Chlamydia trachomatis, ANTICUERPOS Ig M",37995,diagnostico
1935450,906021,"Chlamydia trachomatis, ANTICUERPOS TOTALES",37995,diagnostico
1925460,906307,"Chlamydia trachomatis, ANTÍGENO POR EIA",37995,diagnostico
1925470,906308,"Chlamydia trachomatis, ANTÍGENO POR IFD",17810,diagnostico
1933360,905721,"CIANUROS, SEMICUANTITATIVO POR COLORIMETRÍA",10965,diagnostico
1933370,905502,CICLOSPORINA A Y METABOLITOS,56630,diagnostico
1935485,906107,"Cisticerco, ANTICUERPOS Ig G POR EIA",44235,diagnostico
1935480,906109,"Cisticerco, ANTICUERPOS TOTALES",18930,diagnostico
1925490,906205,"Citomegalovirus, ANTICUERPOS Ig G [CMV-G] POR EIA",17000,diagnostico
1925500,906206,"Citomegalovirus, ANTICUERPOS Ig M [CMV-M] POR EIA",17640,diagnostico
1935050,M19217,CLASIFICACIÓN INMUNOLÓGICA DE LEUCEMIA,171780,diagnostico
1935510,M19217,CLASIFICACIÓN INMUNOLÓGICA DE LEUCEMIA,171780,diagnostico
1936167,M19218,CLASIFICACIÓN INMUNOLÓGICA DE LINFOMA,236945,diagnostico
1932380,903813,CLORO [CLORURO],2870,diagnostico
1934730,903814,CLORO [CLORURO] EN ORINA DE 24 H,2755,diagnostico
1933385,905307,CLORPROMAZINA,13030,diagnostico
1936790,901204,"Clostridium botulinum, CULTIVO",30720,diagnostico
1935520,905725,"COCAÍNA, METABOLITOS EN ORINA",14425,diagnostico
1933436,905725,"COCAÍNA, METABOLITOS EN ORINA",14425,diagnostico
1933436,905726,"COCAÍNA, SEMICUANTITATIVA POR INMUNOENSAYO O CROMATOGRAFÍA DE CAPA FINA",14425,diagnostico
1935540,906111,"Coccidioides, ANTICUERPOS",15290,diagnostico
1922410,903815,COLESTEROL DE ALTA DENSIDAD [HDL],5515,diagnostico
1922420,903816,COLESTEROL DE BAJA DENSIDAD [LDL] ENZIMÁTICO,5515,diagnostico
1932425,903817,COLESTEROL DE BAJA DENSIDAD [LDL] INMUNOLÓGICO DIRECTO,23985,diagnostico
1912430,903818,COLESTEROL TOTAL,4415,diagnostico
1932440,903419,COLINESTERASA EN ERITROCITOS [VERDADERA O ACETILCOLINESTERASA],11945,diagnostico
1932020,903419,COLINESTERASA EN ERITROCITOS [VERDADERA O ACETILCOLINESTERASA],11945,diagnostico
1917320,901104,COLORACIÓN AZUL DE METILENO Y LECTURA PARA CUALQUIER MUESTRA,4785,diagnostico
1926970,901102,COLORACIÓN ÁCIDO ALCOHOL RESISTENTE MODIFICADA Y LECTURA,8355,diagnostico
1926728,901103,COLORACIÓN ALBERT [LOEFFLER] Y LECTURA,2865,diagnostico
1916800,901107,COLORACIÓN GRAM Y LECTURA PARA CUALQUIER MUESTRA,2980,diagnostico
1917110,901101,COLORACIÓN PARA ACIDO ALCOHOL RESISTENTE [ZIELH-NIELSEN] Y LECTURA O BACILOSCOPIA *,5835,diagnostico
1936908,901109,COLORACIÓN TINTA CHINA Y LECTURA,11440,diagnostico
1931130,M19249,"COLORACIONES INMUNO-CITO E HISTOQUÍMICAS (PEROXIDASA, OTRAS)",30720,diagnostico
1935555,906904,COMPLEMENTO HEMOLÍTICO AL 50% CH 50,21300,diagnostico
1925600,906904,COMPLEMENTO HEMOLÍTICO AL 50% CH 50,21300,diagnostico
1925560,906905,COMPLEMENTO SERICO C3 CUANTITATIVO POR IDR,15495,diagnostico
1925570,906906,COMPLEMENTO SERICO C3 CUANTITATIVO POR NEFELOMETRÍA,26710,diagnostico
1925580,906907,COMPLEMENTO SERICO C4 CUANTITATIVO POR IDR,14890,diagnostico
1925590,906908,COMPLEMENTO SERICO C4 CUANTITATIVO POR NEFELOMETRÍA,26710,diagnostico
1935612,911008,"COOMBS DIRECTO FRACCIONADO [MONOESPECÍFICO Ig A, Ig G E Ig M] EN TUBO",14850,diagnostico
1925610,902201,"COOMBS DIRECTO, PRUEBA CUALITATIVA",10165,diagnostico
1925620,902202,"COOMBS INDIRECTO, PRUEBA CUALITATIVA",5875,diagnostico
1935615,902203,"COOMBS INDIRECTO, PRUEBA CUANTITATIVA",33130,diagnostico
1926850,901206,COPROCULTIVO,6360,diagnostico
1917330,907002,COPROLÓGICO,2980,diagnostico
1917340,907003,COPROLÓGICO POR CONCENTRACIÓN,4635,diagnostico
1934750,903421,COPROPORFIRINAS EN ORINA DE 24 H,9255,diagnostico
1934755,903422,COPROPORFIRINAS EN ORINA DE 24 H POR CROMATOGRAFÍA,33175,diagnostico
1917345,907004,COPROSCÓPICO (118),8355,diagnostico
1933770,904805,CORTISOL,21300,diagnostico
1933780,904806,CORTISOL [DOS MUESTRAS -AM/PM-],65345,diagnostico
1934760,904807,CORTISOL LIBRE EN ORINA DE 24 H,21300,diagnostico
1933790,904301,CORTISOL PRE Y POST ESTIMULACIÓN (417),31335,diagnostico
1933820,904302,CORTISOL PRE Y POSTSUPRESIÓN CON DEXAMETASONA (417),31335,diagnostico
1933800,904303,"CORTISOL Y GLUCOSA, PRE Y POST INSULINA",37535,diagnostico
1936810,901207,"Corynebacterium difteriae, CULTIVO",30720,diagnostico
1932470,903819,CREATIN QUINASA [FRACCIÓN MB] POR ESPECTOFOTOMETRÍA,10440,diagnostico
1932475,903820,CREATIN QUINASA [FRACCIÓN MB] POR MÉTODO INMUNOLÓGICO,30520,diagnostico
1932480,903821,CREATIN QUINASA TOTAL CK- CPK,7460,diagnostico
1922490,903822,CREATINA,5170,diagnostico
1912520,903823,CREATININA DEPURACIÓN,7065,diagnostico
1914770,903824,CREATININA EN ORINA DE 24 H,3125,diagnostico
1912500,903825,"CREATININA EN SUERO, ORINA U OTROS",3095,diagnostico
1935640,E30109,CRIOFRIBRINÓGENO,13780,diagnostico
1925650,906909,CRIOGLOBULINAS,4560,diagnostico
1935660,906314,"Cryptococcus neoformans, ANTÍGENO",29315,diagnostico
1935670,906314,"Cryptococcus neoformans, ANTÍGENO",29315,diagnostico
1914780,903826,CUERPOS CETÓNICOS O CETÓNAS EN ORINA (114),2785,diagnostico
1914780,903827,CUERPOS CETÓNICOS O CETÓNAS EN SANGRE (114),2785,diagnostico
1921150,902102,"CUERPOS DE HEINZ, PRUEBA DIRECTA",4355,diagnostico
1931140,902103,"CUERPOS DE HEINZ, PRUEBA INDUCIDA POR FENILHIDRAZINA",22810,diagnostico
1926880,901209,"CULTIVO DE LÍQUIDOS CORPORALES: BILIS, L.C.R, PERITONEAL, PLEURAL, ASCÍTICO, SINOVIAL, OTROS DIFERENTE A ORINA.",12440,diagnostico
1935675,906701,CULTIVO MIXTO DE LINFOCITOS,217990,diagnostico
1937060,901211,CULTIVO PARA HONGOS EN MÉDULA ÓSEA (110),45585,diagnostico
1937000,901212,CULTIVO PARA HONGOS MICOSIS PROFUNDA,44500,diagnostico
1927010,901213,CULTIVO PARA HONGOS MICOSIS SUPERFICIAL,11365,diagnostico
1937070,901214,CULTIVO PARA MICOBACTERIAS EN MÉDULA ÓSEA (110),35605,diagnostico
1937040,901215,CULTIVO PARA MICROORGANISMOS AEROBIOS EN MÉDULA ÓSEA (110),26715,diagnostico
1936900,901218,CULTIVO PARA MICROORGANISMOS ANAEROBIOS DE CUALQUIER MUESTRA DIFERENTE A MEDULA OSEA,25670,diagnostico
1937050,901216,CULTIVO PARA MICROORGANISMOS ANAEROBIOS EN MÉDULA ÓSEA (110),35605,diagnostico
1936835,901217,"CULTIVO PARA MICROORGANISMOS EN CUALQUIER MUESTRA DIFERENTE A MEDULA OSEA, ORINA Y HECES",14115,diagnostico
1932990,903423,"D- XILOSA, PRUEBA DE ABSORCIÓN",24645,diagnostico
1933850,904809,DEHIDROEPIANDROSTERONA SULFATO [EPIANDROSTERONA -DHEA-SO4],27440,diagnostico
1933432,904808,DEHIDROEPINANDROSTERONA,35385,diagnostico
1932518,903424,DESHIDROGENASA HIDROXIBUTÍRICA [HBDH],21325,diagnostico
1922530,903828,DESHIDROGENASA LÁCTICA [LDH],5750,diagnostico
1932570,903829,"DESHIDROGENASA LÁCTICA, ISOENZIMAS",61220,diagnostico
1933420,905602,"DIGITOXINA, SEMICUANTITATIVA POR INMUNOENSAYO O CROMATOGRAFÍA DE CAPA FINA",15290,diagnostico
1933430,905605,"DIGOXINA, SEMICUANTITATIVA POR INMUNOENSAYO O CROMATOGRAFÍA DE CAPA FINA",19160,diagnostico
1922540,E19340,DISOPIRAMIDA,13030,diagnostico
1933438,E19340,DISOPIRAMIDA,13030,diagnostico
1935070,906417,"DNA n, ANTICUERPOS POR EIA",15090,diagnostico
1935060,906418,"DNA n, ANTICUERPOS POR IFI",26595,diagnostico
1933436,905727,DROGAS DE ABUSO NCOC,14425,diagnostico
1932560,906808,ELECTROFORESIS DE HEMOGLOBINA EN MEDIO ÁCIDO,39515,diagnostico
1932550,906808,ELECTROFORESIS DE HEMOGLOBINA EN MEDIO ÁCIDO,39515,diagnostico
1932555,906809,ELECTROFORESIS DE HEMOGLOBINA EN MEDIO ALCALINO,33495,diagnostico
1932580,906810,ELECTROFORESIS DE LIPOPROTEÍNAS,10655,diagnostico
1932590,906811,ELECTROFORESIS DE PROTEÍNAS DE LCR [DETECCIÓN DE BANDAS OLIGOCLONALES],19315,diagnostico
1932620,906812,ELECTROFORESIS DE PROTEÍNAS EN CUALQUIER LÍQUIDO INCLUIDO SUERO Y ORINA,25915,diagnostico
1935020,906113,"Entamoeba histolítica, ANTICUERPOS POR EIA",5525,diagnostico
1935685,906210,"Enterovirus, ANTICUERPOS",16605,diagnostico
1935690,906212,"Epstein-barr, ANTICUERPOS Ig G [CÁPSULA EB-VCA-G] POR EIA",39640,diagnostico
1935700,906213,"Epstein-barr, ANTICUERPOS Ig G [NUCLEARES EBNA-G] POR EIA",39640,diagnostico
1935710,906214,"Epstein-barr, ANTICUERPOS Ig G [TEMPRANOS G] POR EIA",45585,diagnostico
1935720,906215,"Epstein-barr, ANTICUERPOS Ig M [CÁPSULA EB-VCA-M] POR EIA",39640,diagnostico
1935730,906216,"Epstein-barr, ANTICUERPOS Ig M [NUCLEARES EBNA-M] POR EIA",39640,diagnostico
1935740,906217,"Epstein-barr, ANTICUERPOS Ig M [TEMPRANOS M] POR EIA",39640,diagnostico
1933860,902204,ERITROSEDIMENTACIÓN [VELOCIDAD SEDIMENTACIÓN GLOBULAR - VSG],1440,diagnostico
1911210,902204,ERITROSEDIMENTACIÓN [VELOCIDAD SEDIMENTACIÓN GLOBULAR - VSG],1440,diagnostico
1911210,902205,ERITROSEDIMENTACIÓN [VELOCIDAD SEDIMENTACIÓN GLOBULAR - VSG] AUTOMATIZADA,1440,diagnostico
1925775,901303,"Escherichia coli ENTEROPATÓGENA, EN MATERIA FECAL POR SEROTIPIFICACIÓN",18730,diagnostico
1935075,906420,"ESPERMA O ESPERMATOZIODES, ANTICUERPOS POR EIA",22740,diagnostico
1935076,906420,"ESPERMA O ESPERMATOZIODES, ANTICUERPOS POR EIA",22740,diagnostico
1921220,907201,ESPERMOGRAMA BÁSICO (230),12965,diagnostico
1932630,903013,ESPERMOGRAMA CON BIOQUÍMICA (231),24645,diagnostico
1933870,904503,ESTRADIOL,24645,diagnostico
1933875,904401,ESTRADIOL PRE Y POST GONADOTROPINA CORIÓNICA,111170,diagnostico
1933444,E19381,ESTREPTOMICINA,14145,diagnostico
1933447,905729,"ESTRIGNINA, SEMICUANTITATIVA POR CROMATOGRAFÍA DE CAPA FINA",13575,diagnostico
1933880,904504,ESTRIOL,24430,diagnostico
1933890,904506,ESTRÓGENOS [ESTRADIOL 17 BETA],13990,diagnostico
1916907,901304,EXAMEN DIRECTO FRESCO DE CUALQUIER MUESTRA,6450,diagnostico
1917020,901305,EXAMEN DIRECTO PARA HONGOS [KOH],3095,diagnostico
1911230,902206,"EXTENDIDO DE SANGRE PERIFÉRICA, ESTUDIO DE MORFOLOGÍA",3480,diagnostico
1934290,904101,FACTOR I DE CRECIMIENTO SIMILAR A LA INSULINA [SOMATOMEDINA C],40590,diagnostico
1931250,902012,"FACTOR II DE LA COAGULACIÓN, CUANTIFICACIÓN [PROTROMBINA]",2185,diagnostico
1935760,902014,FACTOR IX DE LA COAGULACIÓN [CHRISTMAS O PTC],13910,diagnostico
1931290,902014,FACTOR IX DE LA COAGULACIÓN [CHRISTMAS O PTC],13910,diagnostico
1935770,906910,FACTOR REMATOIDEO [R.A.] CUANTITATIVO POR NEFELOMETRÍA,30510,diagnostico
1915780,906911,FACTOR REMATOIDEO [R.A.] SEMICUANTITATIVO POR LÁTEX,4820,diagnostico
1931260,902016,FACTOR V DE LA COAGUALCIÓN [LÁBIL O PROACELERINA],13910,diagnostico
1931270,902017,FACTOR VII DE LA COAGULACIÓN [ESTABLE O PROCONVERTINA],13910,diagnostico
1931280,902018,FACTOR VIII DE LA COAGULACIÓN,13910,diagnostico
1931340,902019,FACTOR VON WILLEBRAND,44500,diagnostico
1931300,902020,FACTOR X [STUART POWER],13910,diagnostico
1931310,902021,FACTOR XI [PTA],13910,diagnostico
1931320,902022,"FACTOR XII [FACTOR DE HAGEMAN, DE CONTACTO]",13910,diagnostico
1931330,902023,"FACTOR XIII [FSF, FACTOR ESTABILIZANTE DE LA FIBRINA O TIEMPO DE LISIS COÁGULO]",13910,diagnostico
1935785,906814,"FAGOCITOSIS, ESTUDIO (CITOMETRIA DE FLUJO)",43600,diagnostico
1934790,908109,"FENILALANINA, CUANTITATIVA EN ORINA O SANGRE",4840,diagnostico
1933450,905210,FENITOÍNA LIBRE,32680,diagnostico
1933460,905213,"FENITOÍNA TOTAL, SEMICUANTITATIVO POR INMUNOENSAYO O CROMATOGRAFÍA DE CAPA FINA",22370,diagnostico
1933470,905216,"FENOBARBITAL, SEMICUANTITATIVO POR INMUNOENSAYO O CROMATOGRAFÍA DE CAPA FINA",22370,diagnostico
1933480,905310,"FENOTIAZINAS EN SUERO, ORINA Y LAVADO GASTRÍCO, SEMICUANTITATIVA POR CROMATOGRAFÍA DE CAPA FINA",12800,diagnostico
1916520,911014,"FENOTIPAGE, FACTOR Rh [C, c, E, e] EN LAMINA O TUBO",12585,diagnostico
1916520,911013,"FENOTIPAGE, FACTOR Rh [C, c, E, e] POR MICROTÉCNICA",12585,diagnostico
1932640,903016,FERRITINA,16145,diagnostico
1921350,902024,"FIBRINOGENO, COAGULACIÓN",5855,diagnostico
1931360,E19443,FIBRINOLISINAS,3330,diagnostico
1922650,903830,FOSFATASA ACIDA,3930,diagnostico
1931100,M19449,FOSFATASA ÁCIDA DETERMINACIÓN EN LEUCOCITOS,30720,diagnostico
1924570,903832,"FOSFATASA ACIDA, FRACCIÓN PROSTÁTICA POR EIA/RIA",16790,diagnostico
1922660,903833,FOSFATASA ALCALINA,3805,diagnostico
1931110,M19455,FOSFATASA ALCALINA DETERMINACIÓN EN LEUCOCITOS,13675,diagnostico
1932665,903834,FOSFATASA ALCALINA ESPECÍFICA DE HUESO,45780,diagnostico
1935400,906422,"FOSFOLÍPIDOS, ANTICUERPOS Ig G POR EIA (117)",89010,diagnostico
1935400,906423,"FOSFOLÍPIDOS, ANTICUERPOS Ig M POR EIA (117)",89010,diagnostico
1922670,903835,FÓSFORO INORGÁNICO [FOSFATOS],3900,diagnostico
1924800,903836,FÓSFORO INORGÁNICO [FOSFATOS] EN ORINA DE 24 H,7915,diagnostico
1932680,902107,FRAGILIDAD OSMÓTICA DE ERITROCITOS,3660,diagnostico
1921370,902107,FRAGILIDAD OSMÓTICA DE ERITROCITOS,3660,diagnostico
1917360,907005,FROTIS RECTAL [IDENTIFICACIÓN DE TROFOZOITOS],3125,diagnostico
1922700,903425,FRUCTOSAMINA,8370,diagnostico
1932705,903301,GALACTOSA,7920,diagnostico
1932515,903838,GAMMA GLUTAMIL TRANSFERASA [GGT],9760,diagnostico
1922710,903838,GAMMA GLUTAMIL TRANSFERASA [GGT],9760,diagnostico
1935790,903839,GASES ARTERIALES (EN REPOSO O EN EJERCICIO),12690,diagnostico
1932720,903839,GASES ARTERIALES (EN REPOSO O EN EJERCICIO),12690,diagnostico
1933900,906624,GASTRINA,28945,diagnostico
1933490,905405,"GENTAMICINA, SEMICUANTITATIVA POR INMUNOENSAYO",18505,diagnostico
1923910,904901,GLOBULINA TRANSPORTADORA DE TIROXINA [TBG],23420,diagnostico
1912735,M19275,GLUCOMETRÍA,2570,diagnostico
1931390,902108,"GLUCOSA 6 FOSFATO DESHIDROGENASA, CUALITATIVA",15500,diagnostico
1931400,902109,"GLUCOSA 6 FOSFATO DESHIDROGENASA, CUANTITATIVA",26715,diagnostico
1912755,903840,GLUCOSA EN ORINA,3125,diagnostico
1912730,903841,"GLUCOSA EN SUERO, LCR U OTRO FLUIDO DIFERENTE A ORINA",3095,diagnostico
1912740,903842,GLUCOSA PRE Y POST CARGA DE GLUCOSA (232),10040,diagnostico
1912750,903843,GLUCOSA PRE Y POST PRANDIAL,8575,diagnostico
1913020,903844,"GLUCOSA, CURVA DE TOLERANCIA (POR MUESTRA) (115)",6695,diagnostico
1913000,903845,"GLUCOSA, TEST O’ SULLIVAN",5320,diagnostico
1913930,904508,"GONADOTROPINA CORIÓNICA, SUBUNIDAD BETA CUALITATIVA, [BHCG] PRUEBA DE EMBARAZO EN ORINA O SUERO",14960,diagnostico
1933940,906625,"GONADOTROPINA CORIÓNICA, SUBUNIDAD BETA CUANTITATIVA [BHCG]",17565,diagnostico
1927205,907006,GRASAS NEUTRAS EN HECES [SUDAN III],5940,diagnostico
1925800,903020,HAPTOGLOBINA POR IDR,8390,diagnostico
1935810,901220,"Helicobacter pylori, CULTIVO",30720,diagnostico
1936920,901220,"Helicobacter pylori, CULTIVO",30720,diagnostico
1911410,902211,HEMATOCRITO,1425,diagnostico
1921345,911016,HEMOCLASIFICACIÓN FACTOR Rh [FACTOR D] EN LÁMINA O TUBO,2645,diagnostico
1911090,902212,HEMOCLASIFICACIÓN GRUPO ABO Y FACTOR Rh,4200,diagnostico
1911090,911018,"HEMOCLASIFICACIÓN GRUPO ABO, DIRECTA O GLOBULAR EN PLACA",4200,diagnostico
1911095,911020,"HEMOCLASIFICACIÓN GRUPO ABO, INVERSA O SÉRICA EN TUBO",8510,diagnostico
1936930,901221,HEMOCULTIVO AEROBIO POR MÉTODO AUTOMÁTICO (111),30400,diagnostico
1926940,901222,HEMOCULTIVO AEROBIO POR MÉTODO MANUAL (111),27085,diagnostico
1936950,901223,HEMOCULTIVO ANAEROBIO POR MÉTODO AUTOMÁTICO (111),45585,diagnostico
1936960,901224,HEMOCULTIVO ANAEROBIO POR MÉTODO MANUAL (111),32340,diagnostico
1911420,902213,HEMOGLOBINA,1980,diagnostico
1931430,902111,HEMOGLOBINA FETAL,2810,diagnostico
1931440,902111,HEMOGLOBINA FETAL,2810,diagnostico
1932760,903426,HEMOGLOBINA GLICOSILADA POR ANTICUERPOS MONOCLONALES,19545,diagnostico
1922770,903427,HEMOGLOBINA GLICOSILADA POR CROMATOGRAFÍA DE COLUMNA,14925,diagnostico
1931450,902113,HEMOGLOBINA LIBRE EN PLASMA,9895,diagnostico
1911480,902207,"HEMOGRAMA I [HEMOGLOBINA, HEMATOCRITO Y LEUCOGRAMA] METODO MANUAL",6490,diagnostico
1911490,902208,"HEMOGRAMA II [HEMOGLOBINA, HEMATOCRITO, RECUENTO DE ERITROCITOS, ÍNDICES ERITROCITARIOS, LEUCOGRAMA, RECUENTO DE PLAQUETAS E INDICES PLAQUETARIOS] METODO MANUAL Y SEMIAUTOMATICO",8850,diagnostico
1931500,902209,"HEMOGRAMA III [HEMOGLOBINA, HEMATOCRITO, RECUENTO DE ERITROCITOS, ÍNDICES ERITROCITARIOS, LEUCOGRAMA, RECUENTO DE PLAQUETAS, INDICES PLAQUETARIOS Y MORFOLOGIA ELECTRONICA] METODO AUTOMATICO",10270,diagnostico
1931510,902210,"HEMOGRAMA IV [HEMOGLOBINA, HEMATOCRITO, RECUENTO DE ERITROCITOS,INDICES ERITROCITARIOS,LEUCOGRAMA,RECUENTO DE PLAQUETAS,INDICES PLAQUETARIOS Y MORFOLOGIA ELECTRONICA E HISTOGRAMA] METODO AUTOMATICO (233)",11015,diagnostico
1931520,902115,HEMÓLISIS ACIDA [PRUEBA DE HAM],5170,diagnostico
1911540,902214,"HEMOPARASITOS, EXTENDIDO DE GOTA GRUESA *",6390,diagnostico
1911530,902215,"HEMOPARASITOS, EXTENDIDO DE SANGRE PERIFÉRICA *",3095,diagnostico
1924820,903428,HEMOSIDERINA EN ORINA,15955,diagnostico
1931550,902025,"HEPARINA, DOSIFICACIÓN POR COAGULACIÓN",3020,diagnostico
1931560,902026,"HEPARINA, DOSIFICACIÓN POR CROMÓGENOS",35605,diagnostico
1935820,906218,"Hepatitis A, ANTICUERPOS Ig M [ANTI HVA-M] *",26580,diagnostico
1935830,906219,"Hepatitis A, ANTICUERPOS TOTALES [ANTI HVA]",25930,diagnostico
1935840,906220,"Hepatitis B, ANTICUERPOS CENTRAL Ig M [ANTI-CORE HBc-M]",28300,diagnostico
1935850,906221,"Hepatitis B, ANTICUERPOS CENTRAL TOTALES [ANTI-CORE HBC] & *",25930,diagnostico
1935860,906222,"Hepatitis B, ANTICUERPOS E [ANTI-HBe]",25930,diagnostico
1935870,906223,"Hepatitis B, ANTICUERPOS S [ANTI-HBS] *",27440,diagnostico
1935890,906317,"Hepatitis B, ANTÍGENO DE SUPERFICIE [Ag HBS] & *",24430,diagnostico
1935880,906318,"Hepatitis B, ANTÍGENO e [Ag HBe]",25930,diagnostico
1936677,906225,"Hepatitis C, ANTICUERPO [ANTI-HVC] & *",36585,diagnostico
1935900,906225,"Hepatitis C, ANTICUERPO [ANTI-HVC] & *",36585,diagnostico
1936678,906226,"Hepatitis delta, ANTICUERPOS [ANTI-HVD]",26580,diagnostico
1935910,906226,"Hepatitis delta, ANTICUERPOS [ANTI-HVD]",26580,diagnostico
1935930,906228,"Herpes I, ANTICUERPOS Ig G",21300,diagnostico
1935940,906229,"Herpes I, ANTICUERPOS Ig M",23885,diagnostico
1935950,906230,"Herpes II, ANTICUERPOS Ig G",21300,diagnostico
1935960,906231,"Herpes II, ANTICUERPOS Ig M",38705,diagnostico
1925920,905723,"HIDROCARBUROS, SEMICUANTITATIVO POR COLORIMETRIA",10090,diagnostico
1933494,905723,"HIDROCARBUROS, SEMICUANTITATIVO POR COLORIMETRIA",10090,diagnostico
1933950,904811,"HIDROXICORTICOSTEROIDES, 17 [17 OHCS]",9450,diagnostico
1933965,904402,"HIDROXIPROGESTERONA 17 ALFA, PRE Y POST ACTH",63220,diagnostico
1933960,904509,HIDROXIPROGESTERONA 17ALFA,27440,diagnostico
1931570,903846,HIERRO TOTAL,17220,diagnostico
1922790,903846,HIERRO TOTAL,17220,diagnostico
1937598,906501,"HISTOCOMPATIBILIDAD, ANTÍGENO A, B, C [CLASE I]",161310,diagnostico
1935985,906501,"HISTOCOMPATIBILIDAD, ANTÍGENO A, B, C [CLASE I]",161310,diagnostico
1935990,906502,"HISTOCOMPATIBILIDAD, ANTÍGENO A, B, C, DR, DQ [CLASE I Y II]",307730,diagnostico
1931580,906118,"Histoplasma capsulatum, ANTICUERPOS POR EIA",39640,diagnostico
1935970,906118,"Histoplasma capsulatum, ANTICUERPOS POR EIA",39640,diagnostico
1935980,906509,"HLA CITOTÓXICOS, ANTICUERPOS POR CITOMETRÍA DE FLUJO",174395,diagnostico
1935268,906509,"HLA CITOTÓXICOS, ANTICUERPOS POR CITOMETRÍA DE FLUJO",174395,diagnostico
1935270,906510,"HLA CITOTÓXICOS, ANTICUERPOS POR SEROLOGÍA",87680,diagnostico
1936010,906119,"HONGOS, ANTICUERPOS TOTALES POR SEROLÓGIA, FIJACIÓN DE COMPLEMENTO",16680,diagnostico
1933980,904103,HORMONA ADRENOCORTICOTRÓPICA [ACTH],20450,diagnostico
1933990,904104,HORMONA DE CRECIMIENTO O SOMATOTRÓPICA,27650,diagnostico
1934030,904202,HORMONA DEL CRECIMIENTO PRE Y POST EJERCICIO,33405,diagnostico
1934000,904201,HORMONA DEL CRECIMIENTO PRE Y POST EJERCICIO (POR MUESTRA),33405,diagnostico
1934070,904902,HORMONA ESTIMULANTE DEL TIROIDES [TSH],23990,diagnostico
1934075,904903,HORMONA ESTIMULANTE DEL TIROIDES [TSH] NEONATAL,22475,diagnostico
1934073,904904,HORMONA ESTIMULANTE DEL TIROIDES [TSH] ULTRASENSIBLE,30965,diagnostico
1934078,904905,HORMONA ESTIMULANTE DEL TIROIDES PRE Y POST ESTIMULACIÓN (417),27525,diagnostico
1934079,904906,"HORMONA ESTIMULANTE DEL TIROIDES PRE Y POST ESTIMULACIÓN, ULTRASENSIBLE (417)",30965,diagnostico
1934100,904105,HORMONA FOLÍCULO ESTIMULANTE [FSH],27680,diagnostico
1934115,904106,HORMONA FOLÍCULO ESTIMULANTE Y HORMONA LUTEINIZANTE PRE Y POST HORMONA LIBERADORA DE GONADOTROPINA,226715,diagnostico
1934120,904107,HORMONA LUTEINIZANTE [LH],28945,diagnostico
1934140,904911,HORMONA PARATIROIDEA C TERMINAL,53285,diagnostico
1934150,904912,HORMONA PARATIROIDEA MOLÉCULA INTACTA,53285,diagnostico
1934160,904913,HORMONA PARATIROIDEA MOLÉCULA MEDIA [PARATOHORMONA PTH],53285,diagnostico
1934170,904914,HORMONA PARATIROIDEA N TERMINAL,53285,diagnostico
1936020,906232,"HTLV-I Y II, ANTICUERPOS [ANTI HTLV-I] TOTALES &",25930,diagnostico
1931590,906823,INHIBIDORES DE ESTERASAS DE C1Q,13675,diagnostico
1936050,906823,INHIBIDORES DE ESTERASAS DE C1Q,13675,diagnostico
1936060,906824,INMUNOELECTROFORESIS DE CUALQUIER MUESTRA,12260,diagnostico
1936070,906826,INMUNOGLOBULINA A [IgA] CUANTITATIVA POR IDR,13585,diagnostico
1936080,906826,INMUNOGLOBULINA A [IgA] CUANTITATIVA POR IDR,13585,diagnostico
1936090,906827,INMUNOGLOBULINA A [IgA] CUANTITATIVA POR NEFELOMETRÍA,26710,diagnostico
1936400,906834,INMUNOGLOBULINA E [Ig E] ESPECÍFICA [DOSIFICACIÓN CADA ALERGENO- RAST],21955,diagnostico
1936100,906835,INMUNOGLOBULINA E [Ig E] TOTAL POR EIA,19050,diagnostico
1936100,906836,INMUNOGLOBULINA E [Ig E] TOTAL POR RIA,19050,diagnostico
1936110,906828,INMUNOGLOBULINA G [IgG] CUANTITATIVA POR IDR,13585,diagnostico
1936120,906829,INMUNOGLOBULINA G [IgG] CUANTITATIVA POR NEFELOMETRÍA,26710,diagnostico
1936130,906831,INMUNOGLOBULINA M [IgM] CUANTITATIVA POR IDR,13585,diagnostico
1936140,906832,INMUNOGLOBULINA M [IgM] CUANTITATIVA POR NEFELOMETRÍA,26710,diagnostico
1936150,904704,INSULINA [CADA MUESTRA],24210,diagnostico
1934190,904704,INSULINA [CADA MUESTRA],24210,diagnostico
1934180,904705,INSULINA LIBRE,23665,diagnostico
1934185,904702,INSULINA PRE Y POST GLUCOSA,50310,diagnostico
1933840,901402,"INTRADERMOREACCION PARA COMPROBAR INMUNIDAD CONTRA BACTERIAS, HONGOS, PARASITOS O VIRUS",37995,diagnostico
1937180,901402,"INTRADERMOREACCION PARA COMPROBAR INMUNIDAD CONTRA BACTERIAS, HONGOS, PARASITOS O VIRUS",37995,diagnostico
1922820,903605,"IONOGRAMA [CLORO, SODIO, POTASIO Y BICARBONATO O CALCIO]",21760,diagnostico
1932390,903606,IONTOFORESIS [CLORO],35720,diagnostico
1935090,905406,"KANAMICINA, SEMICUANTITATIVA POR CROMATOGRAFÍA DE CAPA FINA",12920,diagnostico
1933500,905406,"KANAMICINA, SEMICUANTITATIVA POR CROMATOGRAFÍA DE CAPA FINA",12920,diagnostico
1935100,906430,"La/SSB, ANTICUERPOS POR EIA",30455,diagnostico
1936180,906028,"Legionella pneumoniae, ANTICUERPOS POR IFI",32600,diagnostico
1936980,901228,"Legionella, CULTIVO",30720,diagnostico
1926984,M19636,"LEISHMANIASIS, DETERMINACIÓN AC",5170,diagnostico
1936181,906702,"LEUCOCITOS CD14 MONOCITOS, GRANULOCITOS POR CITOMETRÍA DE FLUJO",32695,diagnostico
1936182,906704,"LEUCOCITOS CD33 MONOCITOS, GRANULOCITOS POR CITOMETRÍA DE FLUJO",32695,diagnostico
1936183,906706,LEUCOCITOS CD34 CÉLULAS PROGENITORAS POR CITOMETRÍA DE FLUJO,51230,diagnostico
1936184,906709,LEUCOCITOS CD45 LEUCOCITOS TOTALES POR INMUNOHISTOQUÍMICA,32695,diagnostico
1911790,902216,LEUCOGRAMA [RECUENTO TOTAL Y DIFERENCIAL],2680,diagnostico
1933510,905002,LIDOCAINA [MONOETILGLICINEXILIDIDA-MEGX] SEMICUANTITATIVO POR INMUNOENSAYO O CROMATOGRAFÍA DE CAPA FINA,12920,diagnostico
1936225,906711,"LINFOCITOS B, CUANTIFICACIÓN [TOTALES CD19 Y MADUROS CD20] POR CITOMETRÍA DE FLUJO",32695,diagnostico
1936222,906722,LINFOCITOS CD10 LINFOCITOS PRE-B [CALLA] POR CITOMETRÍA DE FLUJO,32695,diagnostico
1936224,906730,LINFOCITOS CD16 LINFOCITOS NK POR CITOMETRÍA DE FLUJO,32695,diagnostico
1936228,906736,"LINFOCITOS CD38 LINFOCITOS T ACTIVADOS Y B, LINFOCITOS NK POR CITOMETRÍA DE FLUJO",32695,diagnostico
1936229,906738,LINFOCITOS CD56 LINFOCITOS NK POR CITOMETRÍA DE FLUJO,32695,diagnostico
1936205,906718,LINFOCITOS CD7 LINFOCITOS T Y NK POR CITOMETRÍA DE FLUJO,32695,diagnostico
1936185,906712,LINFOCITOS T CD3 POR CITOMETRÍA DE FLUJO,51540,diagnostico
1936187,906713,LINFOCITOS T CD3 POR INMUNOFLUORESCENCIA,27255,diagnostico
1936190,906714,LINFOCITOS T CD4 POR CITOMETRÍA DE FLUJO,51540,diagnostico
1936200,906715,LINFOCITOS T CD4 POR INMUNOFLUORESCENCIA,38310,diagnostico
1936210,906720,LINFOCITOS T CD8 POR CITOMETRÍA DE FLUJO,51540,diagnostico
1936220,906721,LINFOCITOS T CD8 POR INMUNOFLUORESCENCIA,38310,diagnostico
1936188,906744,"LINFOCITOS T, CUANTIFICACIÓN CD3, CD4, CD8 POR CITOMETRÍA DE FLUJO",154605,diagnostico
1936245,M19659,"LINFOCITOS, CULTIVO MIXTO",51540,diagnostico
1922830,903847,LIPASA,6885,diagnostico
1932850,M19666,LIPOPROTEÍNAS - ELECTROFORESIS,35605,diagnostico
1924693,903848,"LIQUIDO AMNIOTICO [EXAMEN FÍSICO Y CITOQUÍMICO: CÉLULAS ANARANJADAS, TEST DE CLEMENS Y CREATININA]",20275,diagnostico
1932510,903501,"LIQUIDO AMNIÓTICO, CURVA ESPECTRAL O DE LILEY",9145,diagnostico
1932810,903502,"LÍQUIDO AMNIOTICO, INDICE DE MADUREZ FETAL PULMONAR [LECITINA-ESFINGOMIELINA O SULFACTANTE/ALBÚMINA,FOSFATIDIL GLICEROL, RECUENTO DE CELULAS LAMELARES O ESPECTOFOTMETRIA 650 nm]",27440,diagnostico
1924697,903849,LIQUIDO ASCÍTICO [EXAMEN FÍSICO Y CITOQUÍMICO],17930,diagnostico
1924700,903850,"LÍQUIDO CEFALORRAQUIDEO [LCR, EXAMEN FÍSICO Y CITOQUÍMICO CON GLUCOSA, PROTEÍNAS, MORFOLOGÍA DE ERITROCITOS Y DIFERENCIAL DE LEUCOCITOS]",16305,diagnostico
1924720,903503,LIQUIDO PERICÁRDICO [EXAMEN FÍSICO Y CITOQUÍMICO CON DENSIDAD Y PROTEÍNAS],20575,diagnostico
1924720,903851,"LÍQUIDO PERITONEAL [EXAMEN FÍSICO Y CITOQUÍMICO CON DETECCIÓN DE ERITROCITOS, RECUENTO Y MORFOLOGÍA DE LEUCOCITOS, GLUCOSA, PROTEÍNAS Y AMILASA]",20575,diagnostico
1924720,903852,"LIQUIDO PLEURAL [EXAMEN FÍSICO Y CITOQUÍMICO CON RECUENTO Y MORFOLOGÍA DE LEUCOCITOS, GLUCOSA Y LDH]",20575,diagnostico
1924720,903853,"LIQUIDO SINOVIAL [EXAMEN FÍSICO Y CITOQUÍMICO CON RECUENTO Y MORFOLOGÍA DE ERITROCITOS Y LEUCOCITOS, GLUCOSA, PROTEÍNAS Y TEST DE MUCINA]",20575,diagnostico
1924710,903504,"LIQUIDO SINOVIAL [EXAMEN FÍSICO Y CITOQUÍMICO CON RECUENTO Y MORFOLOGÍA DE ERITROCITOS Y LEUCOCITOS, GLUCOSA, PROTEÍNAS, FACTOR R.A., COMPLEMENTO, TEST DE MUCINA Y ANÁLISIS CON LUZ POLARIZADA]",21560,diagnostico
1926988,901312,"Listeria, SEROTIPIFICACIÓN",12450,diagnostico
1933520,905312,LITIO POR FOTOMETRÍA DE LLAMA,7000,diagnostico
1932860,903854,MAGNESIO,7460,diagnostico
1932860,903855,MAGNESIO EN ORINA DE 24H,7460,diagnostico
1933525,E19701,MEPERIDINA,14425,diagnostico
1933530,905730,MERCURIO EN CABELLO O UÑAS,22815,diagnostico
1933530,905731,MERCURIO EN ORINA DE 24H O SANGRE,22815,diagnostico
1933533,905733,"METACUALONA, SEMICUANTITATIVO POR CROMATOGRAFÍA DE CAPA FINA",13575,diagnostico
1933536,905735,"METADONA, SEMICUANTITATIVA POR CROMATOGRAFIA DE CAPA FINA",11800,diagnostico
1933538,903025,METAEPINEFRINAS EN ORINA DE 24H,11945,diagnostico
1932870,902117,"METAHEMOGLOBINA, CUALITATIVA",3660,diagnostico
1932880,902118,"METAHEMOGLOBINA, CUANTITATIVA",22810,diagnostico
1932200,905736,"METALES PESADOS, CADA UNO POR ABSORCIÓN ATÓMICA (116)",22340,diagnostico
1933540,E19724,METOTREXATE,12920,diagnostico
1936990,901229,"MICOBACTERIAS NO TUBERCULOSAS, CULTIVO",30720,diagnostico
1924840,903026,MICROALBUMINURIA POR EIA,29625,diagnostico
1924830,903027,MICROALBUMINURIA POR NEFELOMETRÍA,13675,diagnostico
1924840,903028,MICROALBUMINURIA POR RIA,29625,diagnostico
1932895,903030,MIOGLOBINA CARDÍACA,23985,diagnostico
1934850,903031,MIOGLOBINA EN ORINA,5485,diagnostico
1935130,906432,"MITOCONDRIA, ANTICUERPOS [AMA] POR EIA",30965,diagnostico
1935110,906433,"MITOCONDRIA, ANTICUERPOS [AMA] POR IFI",15520,diagnostico
1935130,906434,"MITOCONDRIA, ANTICUERPOS [AMA] POR RIA",30965,diagnostico
1934855,907202,"MOCO CERVICAL, ANÁLISIS [SIMS HUHNER]",9450,diagnostico
1916270,905738,MONÓXIDO DE CARBONO [CARBOXIHEMOGLOBINA] SEMICUANTITATIVA POR COLORIMETRIA,28340,diagnostico
1932898,905738,MONÓXIDO DE CARBONO [CARBOXIHEMOGLOBINA] SEMICUANTITATIVA POR COLORIMETRIA,28340,diagnostico
1936275,908507,MUCOPOLISACARIDOS [ALBÚMINA ÁCIDA Y CLORURO DE CETIL PIRIDIO],23330,diagnostico
1935160,906436,"MÚSCULO LISO, ANTICUERPOS [ASMA] POR EIA",35605,diagnostico
1935140,906437,"MÚSCULO LISO, ANTICUERPOS [ASMA] POR IFI",15415,diagnostico
1935150,906438,"MÚSCULO LISO, ANTICUERPOS [ASMA] POR IHA",29625,diagnostico
1935160,906439,"MÚSCULO LISO, ANTICUERPOS [ASMA] POR RIA",35605,diagnostico
1935105,906032,"Mycobacterium tuberculosis, ANTICUERPOS POR EIA",32695,diagnostico
1937080,901230,"Mycobacterium tuberculosis, CULTIVO",42045,diagnostico
1936995,901313,"Mycobacterium, IDENTIFICACION",265380,diagnostico
1936995,901314,"Mycobacterium, IDENTIFICACION POR PCR",265380,diagnostico
1937190,901007,"Mycobacterium, PRUEBAS DE SENSIBILIDAD",45585,diagnostico
1936280,M19737,"Mycoplasma neumonie, DETERMINACION DE AC.",9895,diagnostico
1936290,906035,"Mycoplasma pneumoniae, ANTICUERPOS Ig M",30400,diagnostico
1936295,906036,"Mycoplasma pneumoniae, ANTICUERPOS TOTALES",24530,diagnostico
1936906,901231,"Mycoplasma, CULTIVO",9340,diagnostico
1927120,901232,"Neisseria gonorrhoeae, CULTIVO *",18710,diagnostico
1937130,901233,"Neisseria meningitidis, CULTIVO *",37995,diagnostico
1936300,901317,"Neisseria meningitidis, SEROTIPIFICACIÓN POR LÁTEX",37995,diagnostico
1933543,905407,NETILMICINA,13030,diagnostico
1931630,903856,NITROGENO UREICO [BUN] *,3665,diagnostico
1912900,903856,NITROGENO UREICO [BUN] *,3665,diagnostico
1914860,903857,NITROGENO UREICO [BUN] EN ORINA DE 24 H,3665,diagnostico
1933546,901234,"Nocardia spp, CULTIVO HONGOS",30720,diagnostico
1937140,901234,"Nocardia spp, CULTIVO HONGOS",30720,diagnostico
1935180,906440,"NUCLEARES, ANTICUERPOS [ANA] POR EIA",30965,diagnostico
1935170,906441,"NUCLEARES, ANTICUERPOS [ANA] POR IFI",19100,diagnostico
1935180,906442,"NUCLEARES, ANTICUERPOS [ANA] POR RIA",30965,diagnostico
1933436,905740,"OPIÁCEOS, SEMICUANTITATIVO POR CROMATOGRAFIA DE CAPA FINA O INMUNOENSAYO",14425,diagnostico
1933565,905741,ORGANOCLORADOS,14145,diagnostico
1933570,905743,"ORGANOFOSFORADOS, SEMICUANTITATIVO POR CROMATOGRAFIA DE CAPA FINA",18075,diagnostico
1934870,903033,OSMOLAR(L)IDAD EN ORINA,15850,diagnostico
1934870,903034,OSMOLAR(L)IDAD EN SUERO,15850,diagnostico
1932915,903858,OSMOLARIDAD CÁLCULADA,16345,diagnostico
1924880,907007,"OXIUROS, IDENTIFICACIÓN PERIANAL [CINTA ADHESIVA O PRUEBA DE GRAHAM]",3665,diagnostico
1917390,907007,"OXIUROS, IDENTIFICACIÓN PERIANAL [CINTA ADHESIVA O PRUEBA DE GRAHAM]",3665,diagnostico
1933173,905744,PARANITROFENOL,12920,diagnostico
1936310,M19779,"PAS, TINCIÓN Y LECTURA",5810,diagnostico
1931120,M19779,"PAS, TINCIÓN Y LECTURA",5810,diagnostico
1932930,906443,"PLAQUETARIOS, ANTICUERPOS",9875,diagnostico
1935190,906443,"PLAQUETARIOS, ANTICUERPOS",9875,diagnostico
1935195,906444,"PLAQUETARIOS, ANTICUERPOS POR CITOMETRÍA DE FLUJO",32695,diagnostico
1936314,906750,PLAQUETAS CD41 POR CITOMETRÍA DE FLUJO,32695,diagnostico
1931650,902029,PLASMINÓGENO,14635,diagnostico
1936315,903038,PORFIRINAS EN ORINA DE 24 H [UROPORFIRINAS],7660,diagnostico
1934900,903038,PORFIRINAS EN ORINA DE 24 H [UROPORFIRINAS],7660,diagnostico
1924910,903040,PORFOBILINOGENO EN ORINA,9255,diagnostico
1924912,903041,PORFOBILINOGENO EN ORINA DE 24 H,33175,diagnostico
1932950,903859,POTASIO,8370,diagnostico
1934920,903860,POTASIO EN ORINA DE 24 H *,8025,diagnostico
1932960,905750,"PRIMIDONA, SEMICUANTITATIVO POR CROMATOGRAFÍA DE CAPA FINA",13025,diagnostico
1933580,905750,"PRIMIDONA, SEMICUANTITATIVO POR CROMATOGRAFÍA DE CAPA FINA",13025,diagnostico
1933610,905003,"PROCAINAMIDA METABOLITOS, N-ACETIL PROCAINAMIDA [NAPA]",9450,diagnostico
1933600,905408,PROCAINAMIDA POR INMUNOENSAYO,14425,diagnostico
1931660,902031,PRODUCTOS DE DEGRADACIÓN DE FIBRINÓGENO [PDF],10740,diagnostico
1934240,904510,PROGESTERONA,24960,diagnostico
1934250,904108,PROLACTINA [BASAL],22710,diagnostico
1924270,904109,PROLACTINA [MEZCLA DE TRES MUESTRAS],28855,diagnostico
1934260,904204,PROLACTINA PRE Y POST ESTIMULACIÓN (417),26135,diagnostico
1936318,905752,"PROPOXIFENO, SEMICUANTITATIVA POR CROMATOGRAFÍA DE CAPA FINA",14145,diagnostico
1933615,905752,"PROPOXIFENO, SEMICUANTITATIVA POR CROMATOGRAFÍA DE CAPA FINA",14145,diagnostico
1914930,907103,PROTEÍNA BENCE JONES POR CALOR,2645,diagnostico
1931670,906913,"PROTEÍNA C REACTIVA, CUANTITATIVO DE ALTA PRECISION",15415,diagnostico
1936320,906913,"PROTEÍNA C REACTIVA, CUANTITATIVO DE ALTA PRECISION",15415,diagnostico
1916330,906914,"PROTEÍNA C REACTIVA, PRUEBA SEMICUANTITATIVA",4860,diagnostico
1931690,903042,PROTEÍNA TRANSPORTADORA DE HORMONAS SEXUALES [PTHS],38625,diagnostico
1922970,903861,PROTEÍNAS DIFERENCIADAS [ALBÚMINA/GLOBULINA],6290,diagnostico
1924940,903862,PROTEÍNAS EN ORINA DE 24 H,3095,diagnostico
1922980,903863,PROTEÍNAS TOTALES EN SUERO Y OTROS FLUIDOS,3095,diagnostico
1932985,903433,PROTOPORFIRINA ZINC ERITROCITARIA [ZPP],13030,diagnostico
1921707,E19829,"PRUEBA DE COMPATIBILIDAD, CRUZADA MENOR, INCLUYE: HEMOCLASIFICACIÓN DE DONANTE",12430,diagnostico
1936925,902121,PRUEBA DE CICLAJE [CÉLULAS FALCIFORMES O DREPANOCITOS],3415,diagnostico
1911700,902121,PRUEBA DE CICLAJE [CÉLULAS FALCIFORMES O DREPANOCITOS],3415,diagnostico
1921704,911022,"PRUEBA DE COMPATIBILIDAD, CRUZADA MAYOR EN TUBO (234)",13205,diagnostico
1937160,901403,PRUEBA DE MACHADO GUERREIRO [Tripanosoma cruzi],11620,diagnostico
1937215,901403,PRUEBA DE MACHADO GUERREIRO [Tripanosoma cruzi],11620,diagnostico
1916255,901404,PRUEBA DE MANTOUX [TUBERCULINA],4675,diagnostico
1937195,901406,PRUEBA DE MONTENEGRO [Leishmania],11735,diagnostico
1933115,902217,PRUEBA DE TORNIQUETE [FRAGILIDAD CAPILAR],3755,diagnostico
1911720,902217,PRUEBA DE TORNIQUETE [FRAGILIDAD CAPILAR],3755,diagnostico
1936925,893904,PRUEBA ENDOSCOPICA DE UREASA RAPIDA PARA DETERMINACION DE Helicobacter pylori,7630,diagnostico
1933620,E19838,QUINIDINA,11305,diagnostico
1933625,E19844,RECALCIFICACIÓN DE PLASMA,3480,diagnostico
1934585,M19845,"RECEPTORES ESTROGÉNICOS, DOSIFICACIÓN EN TEJIDOS",217990,diagnostico
1934572,M19849,"RECEPTORES ESTROGÉNICOS, INMUNOCITOQUÍMICOS",189555,diagnostico
1911730,902218,RECUENTO DE EOSINOFILO EN CUALQUIER MUESTRA,2315,diagnostico
1911750,902219,RECUENTO DE EOSINOFILO EN MOCO NASAL POR COLORACION DE HAN,2340,diagnostico
1911770,902220,"RECUENTO DE PLAQUETAS, METODO AUTOMATICO",2870,diagnostico
1911770,902221,"RECUENTO DE PLAQUETAS, METODO MANUAL",2870,diagnostico
1931775,902224,RECUENTO DE RETICULOCITOS POR CITOMETRIA DE FLUJO,59275,diagnostico
1931778,902222,"RECUENTO DE RETICULOCITOS, CONTADOR DE CELULAS",7085,diagnostico
1911780,902223,"RECUENTO DE RETICULOCITOS, MÉTODO MANUAL",2990,diagnostico
1921765,907106,RECUENTO HAMBURGUER,7905,diagnostico
1934280,904003,RENINA,27440,diagnostico
1936405,902041,RETRACCIÓN DE COÁGULO,2110,diagnostico
1921800,902041,RETRACCIÓN DE COÁGULO,2110,diagnostico
1935200,906453,"RNP, ANTICUERPOS",33435,diagnostico
1935210,906454,"Ro/SSA, ANTICUERPOS POR EIA",30455,diagnostico
1927400,906326,"Rotavirus, ANTÍGENOS EN MATERIA FECAL POR EIA",29710,diagnostico
1927410,906327,"Rotavirus, ANTÍGENOS EN MATERIA FECAL POR LÁTEX",12965,diagnostico
1936410,M19857,"Rubeola, ANTICUERPOS G",20655,diagnostico
1936420,906241,"Rubeola, ANTICUERPOS Ig G POR EIA",28770,diagnostico
1936425,906242,"Rubeola, ANTICUERPOS Ig G POR RIA",28770,diagnostico
1936440,906243,"Rubeola, ANTICUERPOS Ig M POR EIA",33435,diagnostico
1936440,906244,"Rubeola, ANTICUERPOS Ig M POR RIA",33435,diagnostico
1936430,M19861,"Rubeola, ANTICUERPOS M",24430,diagnostico
1933630,905756,"SALICILATOS, SEMICUANTITATIVA POR COLORIMETRÍA",9145,diagnostico
1926485,907009,SANGRE OCULTA [MATERIA FECAL] DETERMINACIÓN DE HEMOGLOBINA HUMANA ESPECÍFICA POR EIA,13205,diagnostico
1927430,907009,SANGRE OCULTA [MATERIA FECAL] DETERMINACIÓN DE HEMOGLOBINA HUMANA ESPECÍFICA POR EIA,13205,diagnostico
1917420,907008,SANGRE OCULTA EN MATERIA FECAL [GUAYACO O EQUIVALENTE],2315,diagnostico
1936490,906245,"Sarampión, ANTICUERPOS Ig G POR EIA",24540,diagnostico
1922320,906455,"Scl 70, ANTICUERPOS POR EIA",30455,diagnostico
1935220,906455,"Scl 70, ANTICUERPOS POR EIA",30455,diagnostico
1916640,906916,SEROLOGÍA [PRUEBA NO TREPOMENICA] VDRL EN SUERO O LCR & *,4380,diagnostico
1933100,901319,"Shiguella, SEROTIPIFICACIÓN",11535,diagnostico
1935230,906456,"SM, ANTICUERPOS POR EIA",27720,diagnostico
1933110,903864,SODIO,5960,diagnostico
1934950,903865,SODIO EN ORINA DE 24 HORAS,5715,diagnostico
1934300,901320,"Staphilococcus aureus, SEROTIPIFICACIÓN",11425,diagnostico
1916510,901321,Streptococcus BETA HEMOLÍTICO GRUPO A [PRUEBA RÁPIDA O DIRECTA],15830,diagnostico
1927145,901322,Streptococcus pneumoniae [Pneumococcus] SEROTIPIFICACIÓN,7710,diagnostico
1933130,905759,SUSTANCIAS ALUCINÓGENAS,14875,diagnostico
1933265,905759,SUSTANCIAS ALUCINÓGENAS,14875,diagnostico
1933640,905760,TALIO EN ORINA DE 24 H,15935,diagnostico
1933650,905607,TEOFILINA POR EIA,14940,diagnostico
1934310,904601,TESTOSTERONA LIBRE,25930,diagnostico
1934320,904602,TESTOSTERONA TOTAL,32010,diagnostico
1931815,902043,TIEMPO DE COAGULACIÓN,2645,diagnostico
1911820,902043,TIEMPO DE COAGULACIÓN,2645,diagnostico
1931830,902044,TIEMPO DE LISIS DE LA EUGLOBULINA,6075,diagnostico
1911840,902045,TIEMPO DE PROTROMBINA [PT],7515,diagnostico
1911850,902046,TIEMPO DE SANGRIA [IVY O DUKE],1995,diagnostico
1921860,902047,TIEMPO DE SANGRIA ESTANDARIZADO,13340,diagnostico
1931870,902048,TIEMPO DE TROMBINA,4505,diagnostico
1911880,902049,TIEMPO DE TROMBOPLASTINA PARCIAL [PTT],9385,diagnostico
1934330,906457,"TIROIDEOS COLOIDALES, ANTICUERPOS",22085,diagnostico
1935250,906458,"TIROIDEOS MICROSOMALES, ANTICUERPOS POR EIA",32680,diagnostico
1935240,906460,"TIROIDEOS MICROSOMALES, ANTICUERPOS POR IHA",19315,diagnostico
1935250,906461,"TIROIDEOS MICROSOMALES, ANTICUERPOS POR RIA",32680,diagnostico
1935265,906463,"TIROIDEOS TIROGLOBULÍNICOS, ANTICUERPOS POR EIA",36520,diagnostico
1935260,906465,"TIROIDEOS TIROGLOBULÍNICOS, ANTICUERPOS POR IHA",16790,diagnostico
1933134,908113,"TIROSINA, CUANTITATIVA EN ORINA O SANGRE",51230,diagnostico
1933137,904921,TIROXINA LIBRE [T4L],15935,diagnostico
1934340,904921,TIROXINA LIBRE [T4L],15935,diagnostico
1934350,904922,TIROXINA TOTAL [T4],16305,diagnostico
1936565,906127,"Toxoplasma gondii, ANTICUERPOS Ig G POR EIA",24750,diagnostico
1936570,906127,"Toxoplasma gondii, ANTICUERPOS Ig G POR EIA",24750,diagnostico
1936580,906128,"Toxoplasma gondii, ANTICUERPOS Ig G POR IFI",21305,diagnostico
1936585,906129,"Toxoplasma gondii, ANTICUERPOS Ig M POR EIA",27255,diagnostico
1936590,M19929,"Toxoplasma, ANTICUERPO M",32010,diagnostico
1922260,903867,TRANSAMINASA GLUTÁMICO OXALACÉTICA O ASPARTATO AMINO TRANSFERASA [TGO-AST],4530,diagnostico
1922100,903866,TRANSAMINASA GLUTÁMICO PIRÚVICA O ALANINO AMINO TRANSFERASA [TGP-ALT],4530,diagnostico
1923140,903045,TRANSFERRINA POR IDR,11455,diagnostico
1933150,903046,TRANSFERRINA POR NEFELOMETRÍA,29625,diagnostico
1926600,906039,"Treponema pallidum, ANTICUERPOS (FTA-ABS O TPHA-PRUEBA TREPONEMICA)",31360,diagnostico
1936605,903868,TRIGLICÉRIDOS,5170,diagnostico
1913160,903868,TRIGLICÉRIDOS,5170,diagnostico
1935440,906132,Tripamosoma cruzy [CHAGAS] ANTICUERPOS POR LÁTEX,24245,diagnostico
1935440,906131,Tripanosoma cruzy [CHAGAS] ANTICUERPOS POR EIA * &,24245,diagnostico
1934390,904923,TRIYODOTIRONINA [CAPTACIÓN O UPTAKE T3],17810,diagnostico
1934360,904924,TRIYODOTIRONINA LIBRE [T3L],17480,diagnostico
1934380,904925,TRIYODOTIRONINA TOTAL [T3],18830,diagnostico
1933168,903869,UREA,4570,diagnostico
1917440,907107,UROANÁLISIS CON SEDIMENTO Y DENSIDAD URINARIA,3785,diagnostico
1927470,907010,"UROBILINOGENO EN MATERIA FECAL, CUALITATIVO",3330,diagnostico
1927480,907011,"UROBILINOGENO EN MATERIA FECAL, CUANTITATIVO",22810,diagnostico
1924960,907108,UROBILINÓGENO EN ORINA,19820,diagnostico
1926865,901235,UROCULTIVO [ANTIBIOGRAMA DE DISCO],24305,diagnostico
1936868,901236,UROCULTIVO [ANTIBIOGRAMA MIC AUTOMATICO] (112),28905,diagnostico
1926865,901237,UROCULTIVO [ANTIBIOGRAMA MIC MANUAL] (112),24305,diagnostico
1933660,905411,"VANCOMICINA, SEMICUANTITATIVA POR CROMATOGRAFÍA DE CAPA FINA",12920,diagnostico
1921345,911026,VARIANTE A1 - A2 Y OTROS LIGADOS A LOS GRUPOS SANGUÍNEOS [SUBGRUPO] EN PLACA O TUBO,2645,diagnostico
1936620,906247,"Varicela zoster, ANTICUERPOS Ig G",14205,diagnostico
1936625,906248,"Varicela zoster, ANTICUERPOS Ig M",27255,diagnostico
1926650,906249,"VIH 1 Y 2, ANTICUERPOS & *",23665,diagnostico
1936679,906250,"VIH, PRUEBA CONFIRMATORIA POR WESTERN BLOTTING O EQUIVALENTE",125550,diagnostico
1936670,906250,"VIH, PRUEBA CONFIRMATORIA POR WESTERN BLOTTING O EQUIVALENTE",125550,diagnostico
1935345,906329,"Virus sicitial respiratorio, ANTÍGENO",18185,diagnostico
1936680,906329,"Virus sicitial respiratorio, ANTÍGENO",18185,diagnostico
1933170,903703,VITAMINA B 12,32680,diagnostico
1933663,905102,WARFARINA CUALITATIVA POR CROMATOGRAFÍA DE CAPA DELGADA,11445,diagnostico
1933665,905103,WARFARINA CUANTITATIVA POR CROMATOGRAFÍA LÍQUIDA,16345,diagnostico
1937220,901238,"Yersinia enterocolítica, CULTIVO",30720,diagnostico
1933180,903608,ZINC,17145,diagnostico
1933180,903609,ZINC EN ORINA DE 24H,17145,diagnostico
